ref_id,url,description,method_count
1,https://github.com/YunaiV/ruoyi-vue-pro/commit/9bba1ce8a4fb5c6f73cd92c9981039152a626bd6,Extract And Move Method public selectOne() : CrmCustomerPoolConfigDO extracted from public getCustomerPoolConfig() : CrmCustomerPoolConfigDO in class cn.iocoder.yudao.module.crm.service.customer.CrmCustomerPoolConfigServiceImpl & moved to class cn.iocoder.yudao.module.crm.dal.mysql.customer.CrmCustomerPoolConfigMapper,2
2,https://github.com/YunaiV/ruoyi-vue-pro/commit/8b3bfcbd6b42530107b6f58d76f466ba521f11ca,"Extract And Move Method public selectByUserIdAndSpuId(userId Long, spuId Long) : ProductBrowseHistoryDO extracted from public createBrowseHistory(userId Long, spuId Long) : void in class cn.iocoder.yudao.module.product.service.history.ProductBrowseHistoryServiceImpl & moved to class cn.iocoder.yudao.module.product.dal.mysql.history.ProductBrowseHistoryMapper",4
3,https://github.com/YunaiV/ruoyi-vue-pro/commit/f361d05940e3e5ac91004fd5e51cad5e34749858,"Extract And Move Method public selectByIdAndName(id Long, name String) : CrmBusinessStatusTypeDO extracted from private validateBusinessStatusTypeExists(name String, id Long) : void in class cn.iocoder.yudao.module.crm.service.business.CrmBusinessStatusTypeServiceImpl & moved to class cn.iocoder.yudao.module.crm.dal.mysql.business.CrmBusinessStatusTypeMapper",9
4,https://github.com/YunaiV/ruoyi-vue-pro/commit/6850c7c71d236f73a99658a0af04b98e9bdb2e6b,"Extract And Move Method public hasPermission(bizType Integer, bizId Long, userId Long, levelEnum CrmPermissionLevelEnum) : boolean extracted from public deleteFollowUpRecord(id Long, userId Long) : void in class cn.iocoder.yudao.module.crm.service.followup.CrmFollowUpRecordServiceImpl & moved to class cn.iocoder.yudao.module.crm.framework.permission.core.util.CrmPermissionUtils",8
5,https://github.com/YunaiV/ruoyi-vue-pro/commit/e01dda9bafb906123fb4fdc9c951e5da5c40a53b,Extract And Move Method public selectCountByCategoryId(categoryId Long) : Long extracted from public getProductByCategoryId(categoryId Long) : CrmProductDO in class cn.iocoder.yudao.module.crm.service.product.CrmProductServiceImpl & moved to class cn.iocoder.yudao.module.crm.dal.mysql.product.CrmProductMapper,11
6,https://github.com/YunaiV/ruoyi-vue-pro/commit/be2431b73b48bbf040d86039106a3af536a3e805,"Extract And Move Method public convertBpmResultToAuditStatus(bpmResult Integer) : Integer extracted from public updateContractAuditStatus(id Long, bpmResult Integer) : void in class cn.iocoder.yudao.module.crm.service.contract.CrmContractServiceImpl & moved to class cn.iocoder.yudao.module.crm.util.CrmAuditStatusUtils",22
7,https://github.com/YunaiV/ruoyi-vue-pro/commit/29f1eb2c184bf7485734d8f869a236bab337fe25,"Extract And Move Method public getBusinessMap(ids Collection<Long>) : Map<Long,CrmBusinessDO> extracted from private buildContractDetailList(contractList List<CrmContractDO>) : List<CrmContractRespVO> in class cn.iocoder.yudao.module.crm.controller.admin.contract.CrmContractController & moved to class cn.iocoder.yudao.module.crm.service.business.CrmBusinessService",13
8,https://github.com/YunaiV/ruoyi-vue-pro/commit/29f1eb2c184bf7485734d8f869a236bab337fe25,"Extract And Move Method public getBusinessMap(ids Collection<Long>) : Map<Long,CrmBusinessDO> extracted from public getFollowUpRecordPage(pageReqVO CrmFollowUpRecordPageReqVO) : CommonResult<PageResult<CrmFollowUpRecordRespVO>> in class cn.iocoder.yudao.module.crm.controller.admin.followup.CrmFollowUpRecordController & moved to class cn.iocoder.yudao.module.crm.service.business.CrmBusinessService",4
9,https://github.com/YunaiV/ruoyi-vue-pro/commit/cdbcd4d673d491ad5203b8cdb05b00919deda6c9,Extract And Move Method public parseInt(str String) : Integer extracted from package getTaskRule(execution DelegateExecution) : BpmTaskAssignRuleDO in class cn.iocoder.yudao.module.bpm.service.definition.BpmTaskAssignRuleServiceImpl & moved to class cn.iocoder.yudao.framework.common.util.number.NumberUtils,21
10,https://github.com/YunaiV/ruoyi-vue-pro/commit/29a0fbfc4339b942d4236ec25eb1ac52c1e216ed,"Extract And Move Method public getTaskStatus(task TaskInfo) : Integer extracted from public buildDoneTaskPage(pageResult PageResult<HistoricTaskInstance>, processInstanceMap Map<String,HistoricProcessInstance>, userMap Map<Long,AdminUserRespDTO>) : PageResult<BpmTaskRespVO> in class cn.iocoder.yudao.module.bpm.convert.task.BpmTaskConvert & moved to class cn.iocoder.yudao.framework.flowable.core.util.FlowableUtils",6
11,https://github.com/YunaiV/ruoyi-vue-pro/commit/29a0fbfc4339b942d4236ec25eb1ac52c1e216ed,"Extract And Move Method public getTaskStatus(task TaskInfo) : Integer extracted from public buildTaskListByProcessInstanceId(taskList List<HistoricTaskInstance>, processInstance HistoricProcessInstance, userMap Map<Long,AdminUserRespDTO>, deptMap Map<Long,DeptRespDTO>) : List<BpmTaskRespVO> in class cn.iocoder.yudao.module.bpm.convert.task.BpmTaskConvert & moved to class cn.iocoder.yudao.framework.flowable.core.util.FlowableUtils",6
12,https://github.com/YunaiV/ruoyi-vue-pro/commit/29a0fbfc4339b942d4236ec25eb1ac52c1e216ed,"Extract And Move Method public getTaskReason(task TaskInfo) : String extracted from public buildDoneTaskPage(pageResult PageResult<HistoricTaskInstance>, processInstanceMap Map<String,HistoricProcessInstance>, userMap Map<Long,AdminUserRespDTO>) : PageResult<BpmTaskRespVO> in class cn.iocoder.yudao.module.bpm.convert.task.BpmTaskConvert & moved to class cn.iocoder.yudao.framework.flowable.core.util.FlowableUtils",6
13,https://github.com/YunaiV/ruoyi-vue-pro/commit/29a0fbfc4339b942d4236ec25eb1ac52c1e216ed,"Extract And Move Method public getTaskReason(task TaskInfo) : String extracted from public buildTaskListByProcessInstanceId(taskList List<HistoricTaskInstance>, processInstance HistoricProcessInstance, userMap Map<Long,AdminUserRespDTO>, deptMap Map<Long,DeptRespDTO>) : List<BpmTaskRespVO> in class cn.iocoder.yudao.module.bpm.convert.task.BpmTaskConvert & moved to class cn.iocoder.yudao.framework.flowable.core.util.FlowableUtils",6
14,https://github.com/YunaiV/ruoyi-vue-pro/commit/424210066ff3ce6f5a37d4d6da939d31cdd3eb52,Extract And Move Method public validateAvailable(chatModal AiChatModalRes) : void extracted from public updateConversation(updateReqVO AiChatConversationUpdateReqVO) : Boolean in class cn.iocoder.yudao.module.ai.service.impl.AiChatConversationServiceImpl & moved to class cn.iocoder.yudao.module.ai.service.impl.AiChatModalServiceImpl,7
15,https://github.com/YunaiV/ruoyi-vue-pro/commit/7c1e949d77315754d0c0377e7bea8df1764a8e1a,"Extract And Move Method public selectByStatusAndPlatform(statusEnum AiImageStatusEnum, platformEnum AiPlatformEnum) : List<AiImageDO> extracted from public execute(param String) : String in class cn.iocoder.yudao.module.ai.job.MidjourneyJob & moved to class cn.iocoder.yudao.module.ai.dal.mysql.image.AiImageMapper",1
16,https://github.com/YunaiV/ruoyi-vue-pro/commit/285a431616e8cfcf55f6f473cf0ef918c9799bc3,Extract And Move Method public updateConversationLastMessage(kefuMessage KeFuMessageDO) : void extracted from public sendKefuMessage(sendReqVO KeFuMessageSendReqVO) : Long in class cn.iocoder.yudao.module.promotion.service.kefu.KeFuMessageServiceImpl & moved to class cn.iocoder.yudao.module.promotion.service.kefu.KeFuConversationServiceImpl,6
17,https://github.com/YunaiV/ruoyi-vue-pro/commit/4ce2be724e91bf9838baa1cc9562f698bf8e2aa9,Extract And Move Method public selectByUserId(userId Long) : KeFuConversationDO extracted from public getConversationByUserId(userId Long) : KeFuConversationDO in class cn.iocoder.yudao.module.promotion.service.kefu.KeFuConversationServiceImpl & moved to class cn.iocoder.yudao.module.promotion.dal.mysql.kefu.KeFuConversationMapper,9
18,https://github.com/YunaiV/ruoyi-vue-pro/commit/6e71b721e85a5e31f0522733a9f32621a83e3be1,Extract And Move Method public validateType(type Integer) : void extracted from private buildWritingPrompt(generateReqVO AiWriteGenerateReqVO) : String in class cn.iocoder.yudao.module.ai.service.write.AiWriteServiceImpl & moved to class cn.iocoder.yudao.module.ai.enums.write.AiWriteTypeEnum,2
19,https://github.com/YunaiV/ruoyi-vue-pro/commit/401de3034479bf8787b22fc4e9f6c6b7f9f03c73,"Extract And Move Method public getSpuMap(ids Collection<Long>) : Map<Long,ProductSpuDO> extracted from public getBrowseHistoryPage(pageReqVO ProductBrowseHistoryPageReqVO) : CommonResult<PageResult<ProductBrowseHistoryRespVO>> in class cn.iocoder.yudao.module.product.controller.admin.history.ProductBrowseHistoryController & moved to class cn.iocoder.yudao.module.product.service.spu.ProductSpuService",1
20,https://github.com/YunaiV/ruoyi-vue-pro/commit/22686bafa29a9628ef4dbe54c7d1acd11055a714,"Extract And Move Method public post(url String, headers Map<String,String>, requestBody String) : String extracted from private request(apiName String, queryParams TreeMap<String,Object>) : JSONObject in class cn.iocoder.yudao.module.system.framework.sms.core.client.impl.AliyunSmsClient & moved to class cn.iocoder.yudao.framework.common.util.http.HttpUtils",7
21,https://github.com/apache/flink/commit/6f0d07633a5c8e6511f3d16e04561cb277b65407,Extract And Move Method public getWindowSize() : Optional<Duration> extracted from private createEndingState() : State<T> in class org.apache.flink.cep.nfa.compiler.NFACompiler.NFAFactoryCompiler & moved to class org.apache.flink.cep.pattern.Quantifier.Times,42
22,https://github.com/apache/flink/commit/21403e31f4761bdddf5e4e802e0e5eb9b4533202,Extract And Move Method public isQueryHint(hintName String) : boolean extracted from public visit(other RelNode) : RelNode in class org.apache.flink.table.planner.hint.ClearJoinHintsOnUnmatchedNodesShuttle & moved to class org.apache.flink.table.planner.hint.FlinkHints,1
23,https://github.com/apache/flink/commit/6afe98daf6190a77a67a1fa8ac8f12337a75f8e7,"Extract And Move Method public createWriter(context WriterInitContext) : SinkWriter<InputT> extracted from public createWriter(initContext InitContext, context StateInitializationContext) : SinkWriter<InputT> in class org.apache.flink.streaming.runtime.operators.sink.StatefulSinkWriterStateHandler & moved to class org.apache.flink.api.connector.sink2.Sink",2
23,https://github.com/apache/flink/commit/40cbf231e3dc15129b69136941adc15beebe8ef6,"Extract And Move Method public createWriter(context WriterInitContext) : SinkWriter<InputT> extracted from public createWriter(initContext InitContext, context StateInitializationContext) : SinkWriter<InputT> in class org.apache.flink.streaming.runtime.operators.sink.StatefulSinkWriterStateHandler & moved to class org.apache.flink.api.connector.sink2.Sink",2
24,https://github.com/apache/flink/commit/1f7622d4d23bfcb76f466469ec36585054864f04,"Extract And Move Method public convertConfigToWritableLines(configuration Configuration, flattenYaml boolean) : List<String> extracted from public appendConfiguration(config Configuration) : void in class org.apache.flink.tests.util.flink.FlinkDistribution & moved to class org.apache.flink.configuration.ConfigurationUtils",24
25,https://github.com/apache/flink/commit/1f7622d4d23bfcb76f466469ec36585054864f04,"Extract And Move Method public convertConfigToWritableLines(configuration Configuration, flattenYaml boolean) : List<String> extracted from private createTemporaryFlinkConfFile(finalConfiguration Configuration, tempDirectory Path) : Path in class org.apache.flink.connector.testframe.container.FlinkImageBuilder & moved to class org.apache.flink.configuration.ConfigurationUtils",21
26,https://github.com/apache/flink/commit/9a22ff7e961cb5d8b52401e567e59954bff35d50,"Extract And Move Method public accept(stateWindowResult W, stateWindowsToBeMerged Collection<W>) : void extracted from public merge(mergeResult W, mergedWindows Collection<W>, stateWindowResult W, stateWindowsToBeMerged Collection<W>) : void in class org.apache.flink.table.runtime.operators.window.groupwindow.internal.MergingWindowProcessFunction.MergingFunctionImpl & moved to class org.apache.flink.table.runtime.operators.window.groupwindow.internal.MergingWindowProcessFunction.DefaultAccMergingConsumer",6
27,https://github.com/apache/flink/commit/84444d5071984a8543a81574dc69c0c9849a8a4a,Extract And Move Method public createSerializer(config SerializerConfig) : TypeSerializer<T> extracted from public initializeSerializerUnlessSet(executionConfig ExecutionConfig) : void in class org.apache.flink.api.common.state.StateDescriptor & moved to class org.apache.flink.api.common.typeinfo.TypeInformation,19
28,https://github.com/apache/flink/commit/f32b2a9e347d7539819a88252e4e32deba247515,"Extract And Move Method public getOneInputOperatorDefaultMeta(stateTtlFromHint Long, tableConfig ReadableConfig, stateName String) : List<StateMetadata> extracted from public StreamExecGlobalGroupAggregate(tableConfig ReadableConfig, grouping int[], aggCalls AggregateCall[], aggCallNeedRetractions boolean[], localAggInputRowType RowType, generateUpdateBefore boolean, needRetraction boolean, indexOfCountStar Integer, inputProperty InputProperty, outputType RowType, description String) in class org.apache.flink.table.planner.plan.nodes.exec.stream.StreamExecGlobalGroupAggregate & moved to class org.apache.flink.table.planner.plan.nodes.exec.StateMetadata",2
29,https://github.com/apache/flink/commit/f32b2a9e347d7539819a88252e4e32deba247515,"Extract And Move Method public getOneInputOperatorDefaultMeta(stateTtlFromHint Long, tableConfig ReadableConfig, stateName String) : List<StateMetadata> extracted from public StreamExecGroupAggregate(tableConfig ReadableConfig, grouping int[], aggCalls AggregateCall[], aggCallNeedRetractions boolean[], generateUpdateBefore boolean, needRetraction boolean, inputProperty InputProperty, outputType RowType, description String) in class org.apache.flink.table.planner.plan.nodes.exec.stream.StreamExecGroupAggregate & moved to class org.apache.flink.table.planner.plan.nodes.exec.StateMetadata",1
30,https://github.com/apache/flink/commit/f32b2a9e347d7539819a88252e4e32deba247515,"Extract And Move Method public getOneInputOperatorDefaultMeta(stateTtlFromHint Long, tableConfig ReadableConfig, stateName String) : List<StateMetadata> extracted from public StreamExecIncrementalGroupAggregate(tableConfig ReadableConfig, partialAggGrouping int[], finalAggGrouping int[], partialOriginalAggCalls AggregateCall[], partialAggCallNeedRetractions boolean[], partialLocalAggInputType RowType, partialAggNeedRetraction boolean, inputProperty InputProperty, outputType RowType, description String) in class org.apache.flink.table.planner.plan.nodes.exec.stream.StreamExecIncrementalGroupAggregate & moved to class org.apache.flink.table.planner.plan.nodes.exec.StateMetadata",2
31,https://github.com/apache/flink/commit/cd9a9f76cbc3a288abd49ba12c0edba3ce208ec7,"Extract And Move Method public of(environment Environment) : SubtaskKey extracted from public FsMergingCheckpointStorageAccess(fs FileSystem, checkpointBaseDirectory Path, defaultSavepointDirectory Path, jobId JobID, fileSizeThreshold int, writeBufferSize int, fileMergingSnapshotManager FileMergingSnapshotManager, environment Environment) in class org.apache.flink.runtime.state.filesystem.FsMergingCheckpointStorageAccess & moved to class org.apache.flink.runtime.checkpoint.filemerging.FileMergingSnapshotManager.SubtaskKey",2
32,https://github.com/apache/flink/commit/21306f4f5dbcc72a2cde2f15e6c072951aa03f49,Extract And Move Method private deleteBaseDirectory(baseDirectory String) : void extracted from public close() : void in class org.apache.flink.python.env.AbstractPythonEnvironmentManager.PythonLeasedResource & moved to class org.apache.flink.python.env.AbstractPythonEnvironmentManager,17
33,https://github.com/apache/flink/commit/2e257896661ad5e0dca521fa274cad3a0bae7a61,"Extract And Move Method public getMinBuffersPerGate() : int extracted from public createGateBuffersSpec(configuredMaxRequiredBuffersPerGate Optional<Integer>, configuredNetworkBuffersPerChannel int, configuredFloatingNetworkBuffersPerGate int, partitionType ResultPartitionType, numInputChannels int, enableTieredStorage boolean) : GateBuffersSpec in class org.apache.flink.runtime.io.network.partition.consumer.InputGateSpecUtils & moved to class org.apache.flink.runtime.io.network.partition.hybrid.tiered.common.TieredStorageConfiguration",5
34,https://github.com/apache/flink/commit/88138d08e731d3084d59bf14cc2fb51bdf4afbd8,Extract And Move Method public builder() : TestingBufferPool.Builder extracted from package testOnUpstreamBlockedAndResumed() : void in class org.apache.flink.runtime.io.network.partition.consumer.RemoteInputChannelTest & moved to class org.apache.flink.runtime.io.network.buffer.TestingBufferPool,73
35,https://github.com/apache/flink/commit/88138d08e731d3084d59bf14cc2fb51bdf4afbd8,Extract And Move Method public builder() : TestingBufferPool.Builder extracted from package testRequestBuffer() : void in class org.apache.flink.runtime.io.network.partition.consumer.RemoteInputChannelTest & moved to class org.apache.flink.runtime.io.network.buffer.TestingBufferPool,73
36,https://github.com/apache/flink/commit/ed75795e97800177cb67141ab838632d5ec55bb5,"Extract And Move Method public isLocalRecoveryOrLocalBackupEnabled() : boolean extracted from public localStateStoreForSubtask(jobId JobID, allocationID AllocationID, jobVertexID JobVertexID, subtaskIndex int, clusterConfiguration Configuration, jobConfiguration Configuration) : TaskLocalStateStore in class org.apache.flink.runtime.state.TaskExecutorLocalStateStoresManager & moved to class org.apache.flink.runtime.state.LocalRecoveryConfig",14
37,https://github.com/apache/flink/commit/294084872604d599c1e2c52302ce0f08bb0e6492,"Extract And Move Method public handleRequest(state State, type StateRequestType, payload IN) : InternalStateFuture<OUT> extracted from public asyncClear() : StateFuture<Void> in class org.apache.flink.runtime.taskprocessing.AsyncExecutionControllerTest.TestValueState & moved to class org.apache.flink.runtime.asyncprocessing.AsyncExecutionController",14
38,https://github.com/apache/flink/commit/294084872604d599c1e2c52302ce0f08bb0e6492,"Extract And Move Method public handleRequest(state State, type StateRequestType, payload IN) : InternalStateFuture<OUT> extracted from public asyncValue() : StateFuture<Integer> in class org.apache.flink.runtime.taskprocessing.AsyncExecutionControllerTest.TestValueState & moved to class org.apache.flink.runtime.asyncprocessing.AsyncExecutionController",14
39,https://github.com/apache/flink/commit/b3fdb07c04114c515cfc5893e89528bbfb4384ed,"Extract And Move Method public getFileFromTargetDir(cls Class<?>, fileFilter Predicate<Path>) : File extracted from private getFlinkClientsJar() : File in class org.apache.flink.client.program.artifact.ArtifactFetchManagerTest & moved to class org.apache.flink.testutils.TestingUtils",15
40,https://github.com/apache/flink/commit/88f6d069784355a516ba3b94ef780597dca1adf4,Extract And Move Method public valueIsNull() : boolean extracted from public process() : CompletableFuture<Void> in class org.apache.flink.state.forst.ForStWriteBatchOperation & moved to class org.apache.flink.state.forst.ForStDBPutRequest,2
41,https://github.com/apache/flink/commit/88f6d069784355a516ba3b94ef780597dca1adf4,Extract And Move Method public getColumnFamilyHandle() : ColumnFamilyHandle extracted from public process() : CompletableFuture<Void> in class org.apache.flink.state.forst.ForStWriteBatchOperation & moved to class org.apache.flink.state.forst.ForStDBPutRequest,2
42,https://github.com/apache/flink/commit/88f6d069784355a516ba3b94ef780597dca1adf4,Extract And Move Method public getColumnFamilyHandle() : ColumnFamilyHandle extracted from public testValueStateWriteBatch() : void in class org.apache.flink.state.forst.ForStWriteBatchOperationTest & moved to class org.apache.flink.state.forst.ForStDBPutRequest,2
43,https://github.com/apache/flink/commit/88f6d069784355a516ba3b94ef780597dca1adf4,Extract And Move Method public getColumnFamilyHandle() : ColumnFamilyHandle extracted from public testWriteBatchWithNullValue() : void in class org.apache.flink.state.forst.ForStWriteBatchOperationTest & moved to class org.apache.flink.state.forst.ForStDBPutRequest,2
44,https://github.com/apache/flink/commit/88f6d069784355a516ba3b94ef780597dca1adf4,Extract And Move Method public buildSerializedKey() : byte[] extracted from public process() : CompletableFuture<Void> in class org.apache.flink.state.forst.ForStWriteBatchOperation & moved to class org.apache.flink.state.forst.ForStDBPutRequest,2
45,https://github.com/apache/flink/commit/88f6d069784355a516ba3b94ef780597dca1adf4,Extract And Move Method public buildSerializedKey() : byte[] extracted from public testValueStateWriteBatch() : void in class org.apache.flink.state.forst.ForStWriteBatchOperationTest & moved to class org.apache.flink.state.forst.ForStDBPutRequest,2
46,https://github.com/apache/flink/commit/88f6d069784355a516ba3b94ef780597dca1adf4,Extract And Move Method public buildSerializedKey() : byte[] extracted from public testWriteBatchWithNullValue() : void in class org.apache.flink.state.forst.ForStWriteBatchOperationTest & moved to class org.apache.flink.state.forst.ForStDBPutRequest,2
47,https://github.com/apache/flink/commit/bb0f4429598db703e69d951986291862cbd5416b,"Extract And Move Method public unchecked(functionWithException FunctionWithException<A,B,?>) : Function<A,B> extracted from public thenApply(fn Function<? super T,? extends U>) : StateFuture<U> in class org.apache.flink.core.state.StateFutureImpl & moved to class org.apache.flink.util.function.FunctionWithException",12
48,https://github.com/apache/flink/commit/bb0f4429598db703e69d951986291862cbd5416b,"Extract And Move Method public unchecked(functionWithException FunctionWithException<A,B,?>) : Function<A,B> extracted from public thenCompose(action Function<? super T,? extends StateFuture<U>>) : StateFuture<U> in class org.apache.flink.core.state.StateFutureImpl & moved to class org.apache.flink.util.function.FunctionWithException",12
49,https://github.com/apache/flink/commit/bb0f4429598db703e69d951986291862cbd5416b,"Extract And Move Method public unchecked(throwingConsumer ThrowingConsumer<A,?>) : Consumer<A> extracted from public thenAccept(action Consumer<? super T>) : StateFuture<Void> in class org.apache.flink.core.state.StateFutureImpl & moved to class org.apache.flink.util.function.ThrowingConsumer",12
50,https://github.com/apache/flink/commit/3d40bd7dd197b12b7b156bd758b4129148e885d1,"Extract And Move Method private rewrite(rewriter TokenStreamRewriter) : Map<String,List<String>> extracted from public rewrite(context String) : RewriteGroupedCode in class org.apache.flink.table.codesplit.BlockStatementGrouper & moved to class org.apache.flink.table.codesplit.BlockStatementGrouper.BlockStatementGrouperVisitor",22
51,https://github.com/apache/flink/commit/b8173eb662ee5823de40de356869d0064de2c22a,"Extract And Move Method public setDynamicParallelism(parallelism int) : void extracted from private changeJobVertexParallelism(jobVertex ExecutionJobVertex, parallelism int) : void in class org.apache.flink.runtime.scheduler.adaptivebatch.AdaptiveBatchScheduler & moved to class org.apache.flink.runtime.jobgraph.JobVertex",28
52,https://github.com/apache/flink/commit/32b563dd29c5b08e4574773815c014c1c0cca12e,"Extract And Move Method public addPartitionAndGetShuffleDescriptor(jobID JobID, resultPartitionID ResultPartitionID) : TierShuffleDescriptor extracted from package testAddAndReleasePartition() : void in class org.apache.flink.runtime.io.network.partition.hybrid.tiered.tier.remote.RemoteTierMasterAgentTest & moved to class org.apache.flink.runtime.io.network.partition.hybrid.tiered.tier.remote.RemoteTierMasterAgent",1
53,https://github.com/apache/flink/commit/d0f9bb40a614c3c52c7abc9e608391e4bca9a3ca,"Extract And Move Method public getDistributionFromSqlDistribution(distribution SqlDistribution) : TableDistribution extracted from private mergeDistribution(sourceTableDistribution Optional<TableDistribution>, sqlCreateTable SqlCreateTable, mergingStrategies Map<SqlTableLike.FeatureOption,SqlTableLike.MergingStrategy>) : Optional<TableDistribution> in class org.apache.flink.table.planner.operations.SqlCreateTableConverter & moved to class org.apache.flink.table.planner.utils.OperationConverterUtils",8
54,https://github.com/apache/flink/commit/7f1399561b3ff303ea48ec0b93eef79eaaf3e4c8,"Extract And Move Method public scheduleOperation(callback Runnable, delay Duration) : void extracted from private rescaleWhenCooldownPeriodIsOver() : void in class org.apache.flink.runtime.scheduler.adaptive.Executing & moved to class org.apache.flink.runtime.scheduler.adaptive.Executing",19
55,https://github.com/apache/flink/commit/02d89caede088d334daf13fb26103aaec6d3ac19,"Extract And Move Method public create(inputActivityClock RelativeClock) : TimestampsAndWatermarksContext extracted from public createProgressiveEventTimeLogic(watermarkStrategy WatermarkStrategy<E>, metrics MetricGroup, timeService ProcessingTimeService, periodicWatermarkIntervalMillis long) : TimestampsAndWatermarks<E> in class org.apache.flink.streaming.api.operators.source.TimestampsAndWatermarks & moved to class org.apache.flink.streaming.api.operators.source.TimestampsAndWatermarks.TimestampsAndWatermarksContextProvider",9
56,https://github.com/apache/flink/commit/e8c1d1b9d411e17130a57851c0bbaecb2e816048,"Extract And Move Method public getRegexpMatcher(str StringData, regex StringData) : Matcher extracted from public eval(str StringData, regex StringData) : Integer in class org.apache.flink.table.runtime.functions.scalar.RegexpCountFunction & moved to class org.apache.flink.table.runtime.functions.SqlFunctionUtils",1
57,https://github.com/apache/flink/commit/e8c1d1b9d411e17130a57851c0bbaecb2e816048,"Extract And Move Method public getRegexpMatcher(str StringData, regex StringData) : Matcher extracted from public eval(str StringData, regex StringData, extractIndex Number) : ArrayData in class org.apache.flink.table.runtime.functions.scalar.RegexpExtractAllFunction & moved to class org.apache.flink.table.runtime.functions.SqlFunctionUtils",2
58,https://github.com/apache/flink/commit/e8c1d1b9d411e17130a57851c0bbaecb2e816048,"Extract And Move Method public getRegexpMatcher(str StringData, regex StringData) : Matcher extracted from public eval(str StringData, regex StringData) : Integer in class org.apache.flink.table.runtime.functions.scalar.RegexpInstrFunction & moved to class org.apache.flink.table.runtime.functions.SqlFunctionUtils",1
566,https://github.com/apache/kafka/commit/5bc3aa428067dff1f2b9075ff5d1351fb05d4b10,Extract And Move Method public flush(accessor DBAccessor) : void extracted from public flush() : void in class org.apache.kafka.streams.state.internals.RocksDBStore & moved to class org.apache.kafka.streams.state.internals.RocksDBStore.SingleColumnFamilyAccessor,73
567,https://github.com/apache/kafka/commit/e45e032b8d90435de2f338f77a732c88f8cca66e,Extract And Move Method public maybeThrowAsyncError() : void extracted from private deliverMessages() : void in class org.apache.kafka.connect.runtime.WorkerSinkTask & moved to class org.apache.kafka.connect.runtime.errors.WorkerErrantRecordReporter,53
568,https://github.com/apache/kafka/commit/e7fa0edd6351c0949b9082c626597046e9def854,"Extract And Move Method public getOrMaybeCreateGroup(groupType Group.GroupType, groupId String) : Group extracted from public testDeleteGroupAllOffsets(groupType Group.GroupType) : void in class org.apache.kafka.coordinator.group.OffsetMetadataManagerTest & moved to class org.apache.kafka.coordinator.group.OffsetMetadataManagerTest.OffsetMetadataManagerTestContext",87
569,https://github.com/apache/kafka/commit/0472db2cd39d4f53c3855063117bdae15f4d0d86,"Extract And Move Method public combineFutures(futures List<CompletableFuture<T>>, init Supplier<T>, add BiConsumer<T,T>) : CompletableFuture<T> extracted from public consumerGroupDescribe(context RequestContext, groupIds List<String>) : CompletableFuture<List<ConsumerGroupDescribeResponseData.DescribedGroup>> in class org.apache.kafka.coordinator.group.GroupCoordinatorService & moved to class org.apache.kafka.server.util.FutureUtils",35
570,https://github.com/apache/kafka/commit/0472db2cd39d4f53c3855063117bdae15f4d0d86,"Extract And Move Method public combineFutures(futures List<CompletableFuture<T>>, init Supplier<T>, add BiConsumer<T,T>) : CompletableFuture<T> extracted from public describeGroups(context RequestContext, groupIds List<String>) : CompletableFuture<List<DescribeGroupsResponseData.DescribedGroup>> in class org.apache.kafka.coordinator.group.GroupCoordinatorService & moved to class org.apache.kafka.server.util.FutureUtils",35
571,https://github.com/apache/kafka/commit/0472db2cd39d4f53c3855063117bdae15f4d0d86,"Extract And Move Method public combineFutures(futures List<CompletableFuture<T>>, init Supplier<T>, add BiConsumer<T,T>) : CompletableFuture<T> extracted from public deleteGroups(context RequestContext, groupIds List<String>, bufferSupplier BufferSupplier) : CompletableFuture<DeleteGroupsResponseData.DeletableGroupResultCollection> in class org.apache.kafka.coordinator.group.GroupCoordinatorService & moved to class org.apache.kafka.server.util.FutureUtils",35
572,https://github.com/apache/kafka/commit/4f0a40590833a141c78341ce95ffc782747c5ac8,"Extract And Move Method public tasksMax() : int extracted from public connectorTaskConfigs(connName String, connConfig ConnectorConfig) : List<Map<String,String>> in class org.apache.kafka.connect.runtime.Worker & moved to class org.apache.kafka.connect.runtime.ConnectorConfig",89
573,https://github.com/apache/kafka/commit/d24abe0edebad37e554adea47408c3063037f744,"Extract And Move Method public assertNoOrEmptyResult(timeouts List<MockCoordinatorTimer.ExpiredTimeout<Void,Record>>) : void extracted from public testLastJoiningMembersAreKickedOutWhenRejoiningGroupWithMaxSize() : void in class org.apache.kafka.coordinator.group.GroupMetadataManagerTest & moved to class org.apache.kafka.coordinator.group.GroupMetadataManagerTestContext",267
574,https://github.com/apache/kafka/commit/7dbdc15c668dfb5a4a91c79f339c22fb7178c368,Extract And Move Method public maybeCheckpoint() : void extracted from package pollAndUpdate() : void in class org.apache.kafka.streams.processor.internals.GlobalStreamThread.StateConsumer & moved to class org.apache.kafka.streams.processor.internals.GlobalStateUpdateTask,21
575,https://github.com/apache/kafka/commit/b6183a41342c765daec9c88f9d2723a221131960,Extract And Move Method public fromArgs(args String[]) : ConsumerGroupCommandOptions extracted from public testDescribeGroupCliWithGroupDescribe(quorum String) : void in class org.apache.kafka.tools.consumer.group.AuthorizerIntegrationTest & moved to class org.apache.kafka.tools.consumer.group.ConsumerGroupCommandOptions,2
576,https://github.com/apache/kafka/commit/b6183a41342c765daec9c88f9d2723a221131960,Extract And Move Method public fromArgs(args String[]) : ConsumerGroupCommandOptions extracted from package getConsumerGroupService(args String[]) : ConsumerGroupCommand.ConsumerGroupService in class org.apache.kafka.tools.consumer.group.ConsumerGroupCommandTest & moved to class org.apache.kafka.tools.consumer.group.ConsumerGroupCommandOptions,31
577,https://github.com/apache/kafka/commit/b6183a41342c765daec9c88f9d2723a221131960,Extract And Move Method public fromArgs(args String[]) : ConsumerGroupCommandOptions extracted from private prepareConsumerGroupService() : ConsumerGroupCommand.ConsumerGroupService in class org.apache.kafka.tools.consumer.group.SaslClientsWithInvalidCredentialsTest & moved to class org.apache.kafka.tools.consumer.group.ConsumerGroupCommandOptions,13
578,https://github.com/apache/kafka/commit/71bcac3b6ada9872dcdec48f72372d6c5b041c0a,"Extract And Move Method public castToStringObjectMap(inputMap Map<?,?>) : Map<String,Object> extracted from public AbstractConfig(definition ConfigDef, originals Map<?,?>, configProviderProps Map<String,?>, doLog boolean) in class org.apache.kafka.common.config.AbstractConfig & moved to class org.apache.kafka.common.utils.Utils",42
579,https://github.com/apache/kafka/commit/a1ca788c993e3b217a0904c3f4768f0682dc840b,"Extract And Move Method package adminCall(callable Callable<T>, errMsg Supplier<String>) : T extracted from private listTopicAclBindings() : Optional<Collection<AclBinding>> in class org.apache.kafka.connect.mirror.MirrorSourceConnector & moved to class org.apache.kafka.connect.mirror.MirrorUtils",42
580,https://github.com/apache/kafka/commit/ebeef4eb64a36d46565629d2a370eeb1635a7293,Extract And Move Method private shouldInitialize() : boolean extracted from public resetInitializingPositions() : void in class org.apache.kafka.clients.consumer.internals.SubscriptionState & moved to class org.apache.kafka.clients.consumer.internals.SubscriptionState.TopicPartitionState,135
581,https://github.com/apache/kafka/commit/459da4795a511f6933e940fcf105a824bd9e589c,"Extract And Move Method public hasAnyInflightRequest(currentTimeMs long) : boolean extracted from private pollFollowerAsObserver(state FollowerState, currentTimeMs long) : long in class org.apache.kafka.raft.KafkaRaftClient & moved to class org.apache.kafka.raft.RequestManager",129
582,https://github.com/apache/kafka/commit/459da4795a511f6933e940fcf105a824bd9e589c,"Extract And Move Method public onResponseResult(node Node, correlationId long, success boolean, timeMs long) : void extracted from private handleResponse(response RaftResponse.Inbound, currentTimeMs long) : void in class org.apache.kafka.raft.KafkaRaftClient & moved to class org.apache.kafka.raft.RequestManager",129
583,https://github.com/apache/kafka/commit/638844f833b165d6f9ca52c173858d26b7254fac,"Extract And Move Method private append(producerId long, producerEpoch short, verificationGuard VerificationGuard, records List<U>, replay boolean, event DeferredEvent) : void extracted from public run() : void in class org.apache.kafka.coordinator.group.runtime.CoordinatorRuntime.CoordinatorWriteEvent & moved to class org.apache.kafka.coordinator.group.runtime.CoordinatorRuntime.CoordinatorContext",71
584,https://github.com/apache/kafka/commit/638844f833b165d6f9ca52c173858d26b7254fac,"Extract And Move Method private completeTransaction(producerId long, producerEpoch short, coordinatorEpoch int, result TransactionResult, event DeferredEvent) : void extracted from public run() : void in class org.apache.kafka.coordinator.group.runtime.CoordinatorRuntime.CoordinatorCompleteTransactionEvent & moved to class org.apache.kafka.coordinator.group.runtime.CoordinatorRuntime.CoordinatorContext",71
585,https://github.com/apache/kafka/commit/9a239c6142a8f2eb36f1600d1012224c31e58e71,"Extract And Move Method private registerStreamThread(streamThread StreamThread) : void extracted from private createAndAddStreamThread(cacheSizePerThread long, threadIdx int) : StreamThread in class org.apache.kafka.streams.KafkaStreams & moved to class org.apache.kafka.streams.KafkaStreams.StreamStateListener",77
586,https://github.com/apache/kafka/commit/adee6f0cc11c37edaf7b47c1f77457d66e80ebe4,"Extract And Move Method public of(id int, directoryId Uuid) : ReplicaKey extracted from private handleVoteRequest(requestMetadata RaftRequest.Inbound) : VoteResponseData in class org.apache.kafka.raft.KafkaRaftClient & moved to class org.apache.kafka.raft.internals.ReplicaKey",129
587,https://github.com/apache/kafka/commit/adee6f0cc11c37edaf7b47c1f77457d66e80ebe4,"Extract And Move Method public of(id int, directoryId Uuid) : ReplicaKey extracted from public fromVotersRecord(voters VotersRecord) : VoterSet in class org.apache.kafka.raft.internals.VoterSet & moved to class org.apache.kafka.raft.internals.ReplicaKey",22
588,https://github.com/apache/kafka/commit/adee6f0cc11c37edaf7b47c1f77457d66e80ebe4,"Extract And Move Method public of(id int, directoryId Uuid) : ReplicaKey extracted from package testVotedCandidateWithoutVotedDirectoryId() : void in class org.apache.kafka.raft.ElectionStateTest & moved to class org.apache.kafka.raft.internals.ReplicaKey",4
589,https://github.com/apache/kafka/commit/adee6f0cc11c37edaf7b47c1f77457d66e80ebe4,"Extract And Move Method public of(id int, directoryId Uuid) : ReplicaKey extracted from public testRejectVotesFromSameEpochAfterResigningCandidacy() : void in class org.apache.kafka.raft.KafkaRaftClientTest & moved to class org.apache.kafka.raft.internals.ReplicaKey",103
590,https://github.com/apache/kafka/commit/adee6f0cc11c37edaf7b47c1f77457d66e80ebe4,"Extract And Move Method public of(id int, directoryId Uuid) : ReplicaKey extracted from public testGrantVotesFromHigherEpochAfterResigningCandidacy() : void in class org.apache.kafka.raft.KafkaRaftClientTest & moved to class org.apache.kafka.raft.internals.ReplicaKey",103
591,https://github.com/apache/kafka/commit/adee6f0cc11c37edaf7b47c1f77457d66e80ebe4,"Extract And Move Method public of(id int, directoryId Uuid) : ReplicaKey extracted from public testCandidateIgnoreVoteRequestOnSameEpoch() : void in class org.apache.kafka.raft.KafkaRaftClientTest & moved to class org.apache.kafka.raft.internals.ReplicaKey",103
592,https://github.com/apache/kafka/commit/adee6f0cc11c37edaf7b47c1f77457d66e80ebe4,"Extract And Move Method public of(id int, directoryId Uuid) : ReplicaKey extracted from private voterNode(id int, directoryId Uuid) : VoterSet.VoterNode in class org.apache.kafka.raft.LeaderStateTest & moved to class org.apache.kafka.raft.internals.ReplicaKey",37
593,https://github.com/apache/kafka/commit/adee6f0cc11c37edaf7b47c1f77457d66e80ebe4,"Extract And Move Method public of(id int, directoryId Uuid) : ReplicaKey extracted from package assertVotedCandidate(epoch int, candidateId int) : void in class org.apache.kafka.raft.RaftClientTestContext & moved to class org.apache.kafka.raft.internals.ReplicaKey",93
594,https://github.com/apache/kafka/commit/adee6f0cc11c37edaf7b47c1f77457d66e80ebe4,"Extract And Move Method public of(id int, directoryId Uuid) : ReplicaKey extracted from public testCanGrantVoteWithoutDirectoryId(isLogUpToDate boolean) : void in class org.apache.kafka.raft.VotedStateTest & moved to class org.apache.kafka.raft.internals.ReplicaKey",4
595,https://github.com/apache/kafka/commit/adee6f0cc11c37edaf7b47c1f77457d66e80ebe4,"Extract And Move Method public of(id int, directoryId Uuid) : ReplicaKey extracted from package testCanGrantVoteWithDirectoryId() : void in class org.apache.kafka.raft.VotedStateTest & moved to class org.apache.kafka.raft.internals.ReplicaKey",4
596,https://github.com/apache/kafka/commit/adee6f0cc11c37edaf7b47c1f77457d66e80ebe4,"Extract And Move Method public of(id int, directoryId Uuid) : ReplicaKey extracted from package testRemoveVoter() : void in class org.apache.kafka.raft.internals.VoterSetTest & moved to class org.apache.kafka.raft.internals.ReplicaKey",20
597,https://github.com/apache/kafka/commit/adee6f0cc11c37edaf7b47c1f77457d66e80ebe4,"Extract And Move Method public of(id int, directoryId Uuid) : ReplicaKey extracted from package testIsVoterWithoutDirectoryId() : void in class org.apache.kafka.raft.internals.VoterSetTest & moved to class org.apache.kafka.raft.internals.ReplicaKey",20
598,https://github.com/apache/kafka/commit/adee6f0cc11c37edaf7b47c1f77457d66e80ebe4,Extract And Move Method public isVoter(replicaKey ReplicaKey) : boolean extracted from public isVoter(nodeKey ReplicaKey) : boolean in class org.apache.kafka.raft.internals.VoterSet & moved to class org.apache.kafka.raft.internals.VoterSet.VoterNode,22
599,https://github.com/apache/kafka/commit/adee6f0cc11c37edaf7b47c1f77457d66e80ebe4,Extract And Move Method public voterKeys() : Set<ReplicaKey> extracted from public advanceLocalLeaderHighWatermarkToLogEndOffset() : void in class org.apache.kafka.raft.RaftClientTestContext & moved to class org.apache.kafka.raft.internals.VoterSet,93
600,https://github.com/apache/kafka/commit/9a78122fb0b1b37961139d5c62e49fa758dc08ac,"Extract And Move Method public requiresKnownMemberId(request JoinGroupRequestData, apiVersion short) : boolean extracted from private classicGroupJoinToConsumerGroup(group ConsumerGroup, context RequestContext, request JoinGroupRequestData, responseFuture CompletableFuture<JoinGroupResponseData>) : CoordinatorResult<Void,CoordinatorRecord> in class org.apache.kafka.coordinator.group.GroupMetadataManager & moved to class org.apache.kafka.common.requests.JoinGroupRequest",149
601,https://github.com/apache/kafka/commit/27220d146c5d043da4adc3d636036bd6e7b112d2,Extract And Move Method public summarize() : String extracted from public completeRequest(cb FutureCallback<T>) : T in class org.apache.kafka.connect.runtime.rest.HerderRequestHandler & moved to class org.apache.kafka.connect.util.Stage,7
602,https://github.com/apache/kafka/commit/4de83d38c926bd991ce3e2d2804537a392ae6691,"Extract And Move Method public init(context InternalProcessorContext<KOut,VOut>, processingExceptionHandler ProcessingExceptionHandler) : void extracted from private initializeTopology() : void in class org.apache.kafka.streams.processor.internals.StreamTask & moved to class org.apache.kafka.streams.processor.internals.ProcessorNode",65
603,https://github.com/apache/kafka/commit/4e862c0903195eb11a715271c29304d28036273d,"Extract And Move Method public idempotentCreateSnapshot(epoch long) : void extracted from package SnapshottableCoordinator(logContext LogContext, snapshotRegistry SnapshotRegistry, coordinator S, tp TopicPartition) in class org.apache.kafka.coordinator.group.runtime.SnapshottableCoordinator & moved to class org.apache.kafka.timeline.SnapshotRegistry",12
604,https://github.com/apache/kafka/commit/4e862c0903195eb11a715271c29304d28036273d,Extract And Move Method public idempotentCreateSnapshot(epoch long) : void extracted from public updateLastWrittenOffset(offset Long) : void in class org.apache.kafka.coordinator.group.runtime.SnapshottableCoordinator & moved to class org.apache.kafka.timeline.SnapshotRegistry,12
605,https://github.com/apache/kafka/commit/4e862c0903195eb11a715271c29304d28036273d,"Extract And Move Method public idempotentCreateSnapshot(epoch long) : void extracted from public GroupMetadataManagerTestContext(time MockTime, timer MockCoordinatorTimer<Void,CoordinatorRecord>, snapshotRegistry SnapshotRegistry, metrics GroupCoordinatorMetricsShard, groupMetadataManager GroupMetadataManager, classicGroupInitialRebalanceDelayMs int, classicGroupNewMemberJoinTimeoutMs int) in class org.apache.kafka.coordinator.group.GroupMetadataManagerTestContext & moved to class org.apache.kafka.timeline.SnapshotRegistry",81
606,https://github.com/apache/kafka/commit/4e862c0903195eb11a715271c29304d28036273d,"Extract And Move Method public idempotentCreateSnapshot(epoch long) : void extracted from public replay(record CoordinatorRecord, groupType GroupType) : void in class org.apache.kafka.coordinator.group.GroupMetadataManagerTestContext & moved to class org.apache.kafka.timeline.SnapshotRegistry",81
607,https://github.com/apache/kafka/commit/4e862c0903195eb11a715271c29304d28036273d,"Extract And Move Method public idempotentCreateSnapshot(epoch long) : void extracted from private replay(producerId long, record CoordinatorRecord) : void in class org.apache.kafka.coordinator.group.OffsetMetadataManagerTest.OffsetMetadataManagerTestContext & moved to class org.apache.kafka.timeline.SnapshotRegistry",96
608,https://github.com/apache/kafka/commit/4e862c0903195eb11a715271c29304d28036273d,"Extract And Move Method public idempotentCreateSnapshot(epoch long) : void extracted from private replayEndTransactionMarker(producerId long, result TransactionResult) : void in class org.apache.kafka.coordinator.group.OffsetMetadataManagerTest.OffsetMetadataManagerTestContext & moved to class org.apache.kafka.timeline.SnapshotRegistry",96
609,https://github.com/apache/kafka/commit/4e862c0903195eb11a715271c29304d28036273d,Extract And Move Method public idempotentCreateSnapshot(epoch long) : void extracted from public testTimelineGaugeCounters() : void in class org.apache.kafka.coordinator.group.metrics.GroupCoordinatorMetricsShardTest & moved to class org.apache.kafka.timeline.SnapshotRegistry,3
610,https://github.com/apache/kafka/commit/4e862c0903195eb11a715271c29304d28036273d,Extract And Move Method public idempotentCreateSnapshot(epoch long) : void extracted from public testConsumerGroupStateTransitionMetrics() : void in class org.apache.kafka.coordinator.group.metrics.GroupCoordinatorMetricsShardTest & moved to class org.apache.kafka.timeline.SnapshotRegistry,3
611,https://github.com/apache/kafka/commit/4e862c0903195eb11a715271c29304d28036273d,Extract And Move Method public idempotentCreateSnapshot(epoch long) : void extracted from public aggregateShards() : void in class org.apache.kafka.coordinator.group.metrics.GroupCoordinatorMetricsTest & moved to class org.apache.kafka.timeline.SnapshotRegistry,4
612,https://github.com/apache/kafka/commit/4e862c0903195eb11a715271c29304d28036273d,Extract And Move Method public idempotentCreateSnapshot(epoch long) : void extracted from public testAsListedGroup() : void in class org.apache.kafka.coordinator.group.modern.consumer.ConsumerGroupTest & moved to class org.apache.kafka.timeline.SnapshotRegistry,33
613,https://github.com/apache/kafka/commit/4e862c0903195eb11a715271c29304d28036273d,Extract And Move Method public idempotentCreateSnapshot(epoch long) : void extracted from public testValidateOffsetFetch() : void in class org.apache.kafka.coordinator.group.modern.consumer.ConsumerGroupTest & moved to class org.apache.kafka.timeline.SnapshotRegistry,33
614,https://github.com/apache/kafka/commit/4e862c0903195eb11a715271c29304d28036273d,Extract And Move Method public idempotentCreateSnapshot(epoch long) : void extracted from public testAsDescribedGroup() : void in class org.apache.kafka.coordinator.group.modern.consumer.ConsumerGroupTest & moved to class org.apache.kafka.timeline.SnapshotRegistry,33
615,https://github.com/apache/kafka/commit/4e862c0903195eb11a715271c29304d28036273d,Extract And Move Method public idempotentCreateSnapshot(epoch long) : void extracted from public testIsInStatesCaseInsensitive() : void in class org.apache.kafka.coordinator.group.modern.consumer.ConsumerGroupTest & moved to class org.apache.kafka.timeline.SnapshotRegistry,33
616,https://github.com/apache/kafka/commit/4e862c0903195eb11a715271c29304d28036273d,Extract And Move Method public idempotentCreateSnapshot(epoch long) : void extracted from public testAsListedGroup() : void in class org.apache.kafka.coordinator.group.modern.share.ShareGroupTest & moved to class org.apache.kafka.timeline.SnapshotRegistry,25
617,https://github.com/apache/kafka/commit/4e862c0903195eb11a715271c29304d28036273d,Extract And Move Method public idempotentCreateSnapshot(epoch long) : void extracted from public testAsDescribedGroup() : void in class org.apache.kafka.coordinator.group.modern.share.ShareGroupTest & moved to class org.apache.kafka.timeline.SnapshotRegistry,25
618,https://github.com/apache/kafka/commit/4e862c0903195eb11a715271c29304d28036273d,Extract And Move Method public idempotentCreateSnapshot(epoch long) : void extracted from public testIsInStatesCaseInsensitive() : void in class org.apache.kafka.coordinator.group.modern.share.ShareGroupTest & moved to class org.apache.kafka.timeline.SnapshotRegistry,25
619,https://github.com/apache/kafka/commit/4e862c0903195eb11a715271c29304d28036273d,"Extract And Move Method public idempotentCreateSnapshot(epoch long) : void extracted from public testAddEntriesWithSnapshots() : Map<Integer,String> in class org.apache.kafka.jmh.timeline.TimelineHashMapBenchmark & moved to class org.apache.kafka.timeline.SnapshotRegistry",3
620,https://github.com/apache/kafka/commit/4e862c0903195eb11a715271c29304d28036273d,"Extract And Move Method public idempotentCreateSnapshot(epoch long) : void extracted from private OffsetControlManager(logContext LogContext, snapshotRegistry SnapshotRegistry, metrics QuorumControllerMetrics, time Time) in class org.apache.kafka.controller.OffsetControlManager & moved to class org.apache.kafka.timeline.SnapshotRegistry",26
621,https://github.com/apache/kafka/commit/4e862c0903195eb11a715271c29304d28036273d,Extract And Move Method public idempotentCreateSnapshot(epoch long) : void extracted from package activate(newNextWriteOffset long) : void in class org.apache.kafka.controller.OffsetControlManager & moved to class org.apache.kafka.timeline.SnapshotRegistry,26
622,https://github.com/apache/kafka/commit/4e862c0903195eb11a715271c29304d28036273d,Extract And Move Method public idempotentCreateSnapshot(epoch long) : void extracted from package handleScheduleAtomicAppend(endOffset long) : void in class org.apache.kafka.controller.OffsetControlManager & moved to class org.apache.kafka.timeline.SnapshotRegistry,26
623,https://github.com/apache/kafka/commit/4e862c0903195eb11a715271c29304d28036273d,Extract And Move Method public idempotentCreateSnapshot(epoch long) : void extracted from package maybeAdvanceLastStableOffset() : void in class org.apache.kafka.controller.OffsetControlManager & moved to class org.apache.kafka.timeline.SnapshotRegistry,26
624,https://github.com/apache/kafka/commit/4e862c0903195eb11a715271c29304d28036273d,Extract And Move Method public idempotentCreateSnapshot(epoch long) : void extracted from package endLoadSnapshot(timestamp long) : void in class org.apache.kafka.controller.OffsetControlManager & moved to class org.apache.kafka.timeline.SnapshotRegistry,26
625,https://github.com/apache/kafka/commit/4e862c0903195eb11a715271c29304d28036273d,"Extract And Move Method public idempotentCreateSnapshot(epoch long) : void extracted from public replay(message BeginTransactionRecord, offset long) : void in class org.apache.kafka.controller.OffsetControlManager & moved to class org.apache.kafka.timeline.SnapshotRegistry",26
626,https://github.com/apache/kafka/commit/4e862c0903195eb11a715271c29304d28036273d,Extract And Move Method public idempotentCreateSnapshot(epoch long) : void extracted from public testLoadSnapshot() : void in class org.apache.kafka.controller.AclControlManagerTest & moved to class org.apache.kafka.timeline.SnapshotRegistry,18
627,https://github.com/apache/kafka/commit/4e862c0903195eb11a715271c29304d28036273d,Extract And Move Method public idempotentCreateSnapshot(epoch long) : void extracted from public testUpdateFeatures() : void in class org.apache.kafka.controller.FeatureControlManagerTest & moved to class org.apache.kafka.timeline.SnapshotRegistry,24
628,https://github.com/apache/kafka/commit/4e862c0903195eb11a715271c29304d28036273d,Extract And Move Method public idempotentCreateSnapshot(epoch long) : void extracted from public testReplay() : void in class org.apache.kafka.controller.FeatureControlManagerTest & moved to class org.apache.kafka.timeline.SnapshotRegistry,24
629,https://github.com/apache/kafka/commit/4e862c0903195eb11a715271c29304d28036273d,Extract And Move Method public idempotentCreateSnapshot(epoch long) : void extracted from public testUpdateFeaturesErrorCases() : void in class org.apache.kafka.controller.FeatureControlManagerTest & moved to class org.apache.kafka.timeline.SnapshotRegistry,24
630,https://github.com/apache/kafka/commit/b4d5f163a9c5a480efe0a1de3bebf12e35be2a7f,Extract And Move Method public votedKey() : Optional<ReplicaKey> extracted from public testElectionTimeout() : void in class org.apache.kafka.raft.VotedStateTest & moved to class org.apache.kafka.raft.UnattachedState,5
631,https://github.com/apache/kafka/commit/8d29bc1fa8ce75b6807b957ea35ad39e8dd9e04a,"Extract And Move Method public newShareGroupSubscriptionMetadataRecord(groupId String, newSubscriptionMetadata Map<String,TopicMetadata>) : CoordinatorRecord extracted from private shareGroupHeartbeat(groupId String, memberId String, memberEpoch int, rackId String, clientId String, clientHost String, subscribedTopicNames List<String>) : CoordinatorResult<ShareGroupHeartbeatResponseData,CoordinatorRecord> in class org.apache.kafka.coordinator.group.GroupMetadataManager & moved to class org.apache.kafka.coordinator.group.CoordinatorRecordHelpers",189
632,https://github.com/apache/kafka/commit/8d29bc1fa8ce75b6807b957ea35ad39e8dd9e04a,"Extract And Move Method public newShareGroupSubscriptionMetadataRecord(groupId String, newSubscriptionMetadata Map<String,TopicMetadata>) : CoordinatorRecord extracted from private shareGroupFenceMember(group ShareGroup, member ShareGroupMember, response T) : CoordinatorResult<T,CoordinatorRecord> in class org.apache.kafka.coordinator.group.GroupMetadataManager & moved to class org.apache.kafka.coordinator.group.CoordinatorRecordHelpers",189
633,https://github.com/apache/kafka/commit/932e84096a96e199c0772c81bddf3ea3789377ba,"Extract And Move Method public onClose() : boolean extracted from public acknowledgeOnClose(acknowledgementsMap Map<TopicIdPartition,Acknowledgements>, deadlineMs long) : CompletableFuture<Void> in class org.apache.kafka.clients.consumer.internals.ShareConsumeRequestManager & moved to class org.apache.kafka.clients.consumer.internals.ShareConsumeRequestManager.AcknowledgeRequestState",43
634,https://github.com/apache/kafka/commit/d67c18b4aec66fec5d145c9ee737c7a469b8635c,"Extract And Move Method public forConsumer(requireTimestamp boolean, isolationLevel IsolationLevel) : Builder extracted from private sendListOffsetRequest(node Node, timestampsToSearch Map<TopicPartition,ListOffsetsPartition>, requireTimestamp boolean) : RequestFuture<ListOffsetResult> in class org.apache.kafka.clients.consumer.internals.OffsetFetcher & moved to class org.apache.kafka.common.requests.ListOffsetsRequest.Builder",23
